<odoo>
    <!-- Menu Visible Group-->
    <record id="group_menu_visible" model="res.groups">
        <field name="name">Menu Visible</field>
    </record>

    <!-- Group Customer -->
    <record id="group_customer" model="res.groups">
        <field name="name">Customer</field>
        <field name="implied_ids" eval="[(4, ref
                    ('project.group_project_user'))]"/>
    </record>

    <!-- Group Serviceman -->
    <record id="group_serviceman" model="res.groups">
        <field name="name">Serviceman</field>
        <field name="implied_ids" eval="[(4, ref
                    ('project.group_project_user')),(4, ref
                    ('base.group_user'))]"/>
    </record>

    <!-- Group Operator -->
    <record id="group_operator" model="res.groups">
        <field name="name">Operator</field>
            <field name="implied_ids" eval="[(4, ref
                    ('base.group_user')),(4, ref
                    ('account.group_account_user')),(4,ref
                    ('project.group_project_manager')),(4,ref
                    ('sales_team.group_sale_salesman_all_leads')),(4,ref
                    ('hr.group_hr_user')),(4,ref
                    ('hr_timesheet.group_hr_timesheet_user'))]"/>
    </record>

    <!-- Group Manager -->
    <record id="group_fsm_manager" model="res.groups">
        <field name="name">Manager</field>
        <field name="implied_ids" eval="[(4, ref
            ('base.user_root')),(4, ref
            ('field_service_management.group_operator')),
            (4, ref('account.group_account_manager')),
            (4, ref('sales_team.group_sale_manager')),
            (4, ref('hr.group_hr_manager')),
            (4, ref('base.group_system'))]"/>
        <field name="users" eval="[(4, ref('base.user_root'))]"/>
    </record>

    <!-- Group for Reporting Manager -->
    <record id="group_project_reporting_manager" model="res.groups">
        <field name="name">Reporting Manager</field>
        <field name="category_id" 
                ref="base.module_category_project_management"/>
        <field name="implied_ids" 
                eval="[(4, ref('project.group_project_user'))]"/>
    </record>

    <!-- Inherited Base Project Manager -->
    <record id="project.group_project_manager" model="res.groups">
        <field name="name">Manager</field>
        <field name="category_id" 
                ref="base.module_category_project_management"/>
        <field name="implied_ids" eval="[(4, ref
                ('group_project_reporting_manager'))]"/>
        <field name="users" eval="[(4, ref('base.user_root'))]"/>
    </record>

    <!-- Add in Reporting Manager in User Settings in project category Groups -->
    <record id="project.group_project_user" model="res.groups">
        <field name="name">User</field>
        <field name="implied_ids" eval="[(4, ref('base.group_user'))]"/>
        <field name="category_id"
                ref="base.module_category_project_management"/>
    </record>

    <!-- Rule for viewing Service man to itself -->
    <record id="hr_employee_user_rule" model="ir.rule">
        <field name="name">Hr rule Serciceman</field>
        <field name="model_id" ref="model_hr_employee"/>
        <field name="groups" eval="[(4, ref
                ('field_service_management.group_serviceman'))]"/>
        <field name="domain_force">[('user_id','=',user.id)]</field>
    </record>

    <!-- Rule for viewing Job rule for Customer User to itself -->
    <record id="project_task_customer_rule" model="ir.rule">
        <field name="name">Job Rule for Customer</field>
        <field name="model_id" ref="model_project_task"/>
        <field name="groups" eval="[(4, ref('field_service_management.group_customer'))]"/>
        <field name="domain_force">[('partner_id','=',user.partner_id.id)]</field>
    </record>

    <!-- Rule for viewing res partner rule for Customer User to itself -->
    <record id="res_partner_customer_rule" model="ir.rule">
        <field name="name">res partner Rule for Customer</field>
        <field name="model_id" ref="base.model_res_partner"/>
        <field name="groups" eval="[(4, ref('field_service_management.group_customer'))]"/>
        <field name="domain_force">[('id','=',user.partner_id.id)]</field>
    </record>

    <!-- Rule for viewing Job rule for Serviceman User to itself -->
    <record id="project_task_serviceman_rule" model="ir.rule">
        <field name="name">Job Rule for Serviceman</field>
        <field name="model_id" ref="model_project_task"/>
        <field name="groups" eval="[(4, ref('field_service_management.group_serviceman'))]"/>
        <field name="domain_force">[('user_id','=',user.id)]</field>
    </record>

    <!-- Rule for viewing Customer can see only his record -->
    <record id="account_invoice_customer_rule" model="ir.rule">
        <field name="name">Customers</field>
        <field name="model_id" ref="account.model_account_invoice"/>
        <field name="groups" eval="[(4, ref
                ('field_service_management.group_customer'))]"/>
        <field name="domain_force">[('partner_id','=',user.partner_id.id)]</field>
    </record>

    <!-- Rule for viewing Service can see only his record -->
    <record id="account_invoice_serviceman_rule" model="ir.rule">
        <field name="name">Serviceman</field>
        <field name="model_id" ref="account.model_account_invoice"/>
        <field name="groups" eval="[(4, ref
                ('field_service_management.group_serviceman'))]"/>
        <field name="domain_force">[('user_id','=',user.id)]</field>
    </record>

    <!--   Rule for viewing Employee can see only his Related user display -->
    <record id="res_users_serviceman_rule" model="ir.rule">
        <field name="name">Res users rule Serviceman</field>
        <field name="model_id" ref="base.model_res_users"/>
        <field name="groups" eval="[(4, ref
                ('field_service_management.group_serviceman'))]"/>
        <field name="domain_force">[('id','=',user.id)]</field>
    </record>

    <!-- Inherit Base Project task rule -->
    <record model="ir.rule" id="project.task_visibility_rule">
        <field name="name">Project/Task: employees: follow required for follower-only projects</field>
        <field name="model_id" ref="model_project_task"/>
        <field name="domain_force">[
        '|',
            ('project_id.privacy_visibility', '!=', 'followers'),
            '|',
                ('project_id.message_partner_ids', 'in', [user.partner_id.id]),
                '|',
                    ('message_partner_ids', 'in', [user.partner_id.id]),
                    # to subscribe check access to the record, follower is not enough at creation
                    ('user_id', '=', user.id)
        ]</field>
        <field name="groups" eval="[(4,ref('base.group_user'))]"/>
        <field name='active' eval='False'/>
    </record>
</odoo>
