<?xml version="1.0" encoding="utf-8"?>
<odoo>
    <data>

        <!-- Multi - Company Rules -->
    	<record model="ir.rule" id="shopify_instance_comp_rule">
	        <field name="name">Shopify Instance multi-company</field>
	        <field name="model_id" ref="model_shopify_instance_ept"/>
	        <field name="global" eval="True"/>
	        <field name="domain_force">['|',('company_id','=',False),('company_id','child_of',[user.company_id.id])]</field>
	    </record>

		<record model="ir.module.category" id="module_shopify_ept">
            <field name="name">Shopify</field>
            <field name="description">Shopify User Access Rites</field>
            <field name="sequence">100</field>
        </record>

        <record model="res.groups" id="group_shopify_ept">
            <field name="name">User</field>
	        <!--<field name="implied_ids" eval="[(4,ref('sales_team.group_sale_manager')),(4,ref('stock.group_tracking_lot')),(4,ref('account.group_account_invoice'))]"/>-->
            <field name="category_id" ref="module_shopify_ept"/>
        </record>
        <record model="res.groups" id="group_shopify_manager_ept">
            <field name="name">Manager</field>
            <field name="category_id" ref="module_shopify_ept"/>
	        <field name="implied_ids" eval="[(4, ref('group_shopify_ept'))]"/>
			<field name="users" eval="[(4, ref('base.user_root'))]"/>
        </record>

	</data>
</odoo>