<odoo>
    <data noupdate="1">
        <!-- fsm Notify job template in Customer -->
        <record id="notify_customer_jobs_mail_template" model="mail.template">
            <field name='name'>Customer Notify jobs Template</field>
            <field name="model_id" ref='field_service_management.model_project_task'/>
            <field name="subject">Customer Send notify job</field>
            <field name="email_from">${(user.email or '')|safe}</field>
            <field name="email_to">${object.partner_id.customer|safe}</field>
            <field name="partner_to">${object.partner_id.id}</field>
            <field name="body_html"><![CDATA[<p>
            Hello,Greeting!!,
            This is to inform you that your notify jobs has been submitted
            to the Customer for assigning user and Customer can raise Job
            requests and track its status or Customer can check his invoices
            for the completed jobs.
            </p>]]></field>
        </record>
    </data>
</odoo>
