<odoo>
    <data noupdate="1">
        <!-- fsm Notify job template in Serviceman -->
        <record id="notify_serviceman_jobs_mail_template" model="mail.template">
            <field name='name'>Serviceman Notify jobs Template</field>
            <field name="model_id" ref='field_service_management.model_project_task'/>
            <field name="subject">Serviceman Send notify job</field>
            <field name="email_from">${(user.email or '')|safe}</field>
            <field name="partner_to">${object.user_id.partner_id.id}</field>
            <field name="body_html"><![CDATA[<p>
            Hello,Greeting!!,
            This is to inform you that your notify jobs has been submitted
            to the Customer for assigning user and Serviceman can set his
            per hour rate and express rate for various services He can see
            the jobs assigned to him and manage its lifecycle He can view his
            invoices and check his earnings
            </p>]]></field>
        </record>
    </data>
</odoo>
