<odoo>
    <data noupdate="1">
        <!-- Jobs Stages -->
        <record id="fsm_jobs_lead" model="project.task.type">
            <field name="name">Lead</field>
            <field name="sequence">1</field>
            <field name="description">Jobs Lead</field>
            <field name="auto_assign" eval='1'/>
        </record>

        <record id="fsm_jobs_new" model="project.task.type">
            <field name="name">New</field>
            <field name="sequence">2</field>
            <field name="description">New Jobs</field>
            <field name="state">draft</field>
            <field name="auto_assign" eval='1'/>
        </record>

        <record id="fsm_jobs_in_Progress" model="project.task.type">
            <field name="name">In Progress</field>
            <field name="sequence">3</field>
            <field name="description">Jobs Inprogress</field>
            <field name="state">open</field>
            <field name="auto_assign" eval='1'/>
        </record>

        <record id="fsm_jobs_pending" model="project.task.type">
            <field name="name">Pending</field>
            <field name="sequence">4</field>
            <field name="description">Jobs Pending</field>
            <field name="state">pending</field>
            <field name="auto_assign" eval='1'/>
        </record>

        <record id="fsm_jobs_done" model="project.task.type">
            <field name="name">Done</field>
            <field name="sequence">5</field>
            <field name="description">Jobs Done</field>
            <field name="state">done</field>
            <field name="auto_assign" eval='1'/>
        </record>

        <record id="fsm_jobs_cancelled" model="project.task.type">
            <field name="name">Cancelled</field>
            <field name="sequence">6</field>
            <field name="description">Jobs Cancelled</field>
            <field name="state">cancelled</field>
            <field name="auto_assign" eval='1'/>
        </record>
    </data>
</odoo>