<?xml version="1.0" encoding="utf-8"?>

<openerp>
    <data>
        <template id="change_menu_color_css_replace" name="change_menu_color assets" inherit_id="web.assets_common">
            <xpath expr="." position="inside">
                <link rel="stylesheet" href="/change_menu_color/static/src/css/menu.css"/>
            </xpath>
        </template>
        <template id="change_menu_color_css_replace_text" name="change_menu_color assets" inherit_id="web.assets_backend">
            <xpath expr="." position="inside">
                <link rel="stylesheet" href="/change_menu_color/static/src/css/menu_text.css"/>
            </xpath>
        </template>
    </data>
</openerp>