<?xml version="1.0" encoding="UTF-8"?>
<templates id="fsm_template" xml:space="preserve">
	<t t-name="field_service_dashboard.fsm_dashboard">
	<div class="col-md-12">
		<t t-if="is_field_service_serviceman">
		<div class="col-md-3 mt8 colstyle2">
			<div class="btn_action_view_my_job" role="button" style="background-color:#00897B;color;#fff;height:150px">
				<div style="padding:5px">
					<div>
						<div class=""><i class="fa fa-briefcase fa-4x" style="color:#fff;margin-left:3px;margin-top:3px;"></i></div>
							<div class="text-center">
								<h1 class="no-margin" style="font-size:25px;color:#fff;margin-top: 6px;"><t t-esc="job_count_id"></t></h1>
							</div>
								<div class="text-center">
									<h2 style="color:#fff;font-size:20px;">
									My Jobs
									</h2>
								</div>
							</div>
						</div>
					</div>
			</div>
		</t>
		<t t-if="is_field_service_customer">
		<div class="col-md-3 mt8 colstyle2">
			<div class="btn_action_view_job" role="button" style="background-color:#EF5350;color;#fff;height:150px">
				<div style="padding:5px">
					<div>
						<div class=""><i class="fa fa-briefcase fa-4x" style="color:#fff;margin-left:3px;margin-top:3px;"></i></div>
							<div class="text-center">
								<h1 class="no-margin" style="font-size:25px;color:#fff;margin-top: 6px;"><t t-esc="customer_job_count_id"></t></h1>
							</div>
								<div class="text-center">
									<h2 style="color:#fff;font-size:20px;">
									Jobs
									</h2>
								</div>
							</div>
						</div>
					</div>
		</div>
		</t>
		<t t-if="is_field_service_operator">
		<div class="col-md-3 mt8 colstyle2">
			<div class="btn_action_view_unassigned_job" role="button" style="background-color:#2196F3;color;#fff;height:150px">
				<div style="padding:5px">
					<div>
						<div class=""><i class="fa fa-briefcase fa-4x" style="color:#fff;margin-left:3px;margin-top:3px;"></i></div>
							<div class="text-center">
								<h1 class="no-margin" style="font-size:25px;color:#fff;margin-top: 6px;"><t t-esc="unassigned_job_count_id"></t></h1>
							</div>
								<div class="text-center">
									<h2 style="color:#fff;font-size:20px;">
									Unassigned Jobs
									</h2>
								</div>
						</div>
					</div>
			</div>
		</div>
		</t>
		<t t-if="is_field_service_operator">
		<div class="col-md-3 mt8 colstyle2">
			<div class="btn_action_view_rejected_job" role="button" style="background-color:#00BCD4;color;#fff;height:150px">
				<div style="padding:5px">
					<div>
						<div class=""><i class="fa fa-ban fa-4x" style="color:#fff;margin-left:3px;margin-top:3px;"></i></div>
							<div class="text-center">
								<h1 class="no-margin" style="font-size:25px;color:#fff;margin-top: 6px;"><t t-esc="rejected_job_count_id"></t></h1>
							</div>
								<div class="text-center">
									<h2 style="color:#fff;font-size:20px;">
									Rejected Jobs
									</h2>
								</div>
						</div>
					</div>
				</div>
		</div>
		</t>
		<t t-if="is_field_service_customer or is_field_service_serviceman">
		<div class="col-md-3 mt8 colstyle2">
			<div class="btn_action_my_invoices" role="button" style="background-color:#FF8F00;color;#fff;height:150px">
				<div style="padding:5px">
					<div>
						<div class=""><i class="fa fa-inbox fa-4x" style="color:#fff;margin-left:3px;margin-top:3px;"></i></div>
							<div class="text-center">
								<h1 class="no-margin" style="font-size:25px;color:#fff;margin-top: 6px;"><t t-esc="customer_invoice_count_id"></t></h1>
							</div>
								<div class="text-center">
									<h2 style="color:#fff;font-size:20px;">
									My Invoices
									</h2>
								</div>
						</div>
					</div>
				</div>
		</div>
		</t>
		<t t-if="is_field_service_operator">
		<div class="col-md-3 mt8 colstyle2">
			<div class="btn_action_open_invoices" role="button" style="background-color:#F44336;color;#fff;height:150px">
				<div style="padding:5px">
					<div>
						<div class=""><i class="fa fa-inbox fa-4x" style="color:#fff;margin-left:3px;margin-top:3px;"></i></div>
							<div class="text-center">
								<h1 class="no-margin" style="font-size:25px;color:#fff;margin-top: 6px;"><t t-esc="customer_open_invoice_count_id"></t></h1>
							</div>
								<div class="text-center">
									<h2 style="color:#fff;font-size:20px;">
									Open Invoices
									</h2>
								</div>
						</div>
					</div>
				</div>
		</div>
		</t>
	</div>
	</t>
</templates>