id,name,model_id:id,group_id:id,perm_read,perm_write,perm_create,perm_unlink
access_project_task_type_user,project.sub_task.type.user,model_project_sub_task_type,base.group_user,1,0,0,0
access_project_task_type_project_user,project.sub_task.type.project.user,model_project_sub_task_type,project.group_project_user,1,0,0,0
access_project_task_type_manager,project.sub_task.type manager,model_project_sub_task_type,project.group_project_manager,1,1,1,1
access_project_task,project.sub_task,model_project_sub_task,project.group_project_user,1,1,1,1
access_report_project_task_user,report.project.subtask.user,model_report_project_subtask_user,project.group_project_manager,1,1,1,1
access_task_on_partner,project.sub_task on partners,model_project_sub_task,base.group_user,1,0,0,0
