<?xml version="1.0" encoding="utf-8"?>
<odoo>
    <!-- Demo Data for Jobs -->
    <data noupdate="1">
        <record id="project_jobs_1" model="project.task">
            <field name="name">Need a Ac Repair</field>
            <field name="planned_hours">35.0</field>
            <field name="project_id" ref="field_service_management.service_ac_repair"/>
            <field name="user_id" ref="field_service_management.service_demo"/>
            <field name="partner_id" ref="field_service_management.customer_user_demo"/>
            <field name="street">4548 Spirit Drive</field>
            <field name="street2">Port Orange, FL 32019</field>
            <field name="area_id" ref="field_service_management.job_area_1"/>
            <field name="city_id" ref="field_service_management.job_city_1"/>
            <field name="state_id" ref="base.state_us_as"/>
            <field name="zip">786</field>
            <field name="country_id" ref="base.be"/>
            <field name="latitude">23.21563500</field>
            <field name="longitude">72.63694100</field>
            <field name="tag_ids" eval="[(6, 0, [
                        ref('project.project_tags_01')])]"/>
            <field name="phone">7854987964</field>
        </record>

        <record id="project_jobs_2" model="project.task">
            <field name="name">Guest House Cleaning</field>
            <field name="planned_hours">10.0</field>
            <field name="project_id" ref="field_service_management.service_house_keeper"/>
            <field name="user_id" ref="field_service_management.service_demo"/>
            <field name="partner_id" ref="field_service_management.customer_user_demo"/>
            <field name="street">652 Bingamon Road</field>
            <field name="street2">Cleveland, OH 44115</field>
            <field name="area_id" ref="field_service_management.job_area_2"/>
            <field name="city_id" ref="field_service_management.job_city_2"/>
            <field name="state_id" ref="base.state_us_as"/>
            <field name="zip">886</field>
            <field name="country_id" ref="base.us"/>
            <field name="latitude">23.83951200</field>
            <field name="longitude">73.00064500</field>
            <field name="tag_ids" eval="[(6, 0,[
                        ref('project.project_tags_02')])]"/>
            <field name="phone">7955987968</field>
        </record>

        <record id="project_jobs_3" model="project.task">
            <field name="name">Need for Tv.Repair</field>
            <field name="planned_hours">10.0</field>
            <field name="project_id" ref="field_service_management.service_electronics_repair"/>
            <field name="user_id" ref="field_service_management.service_demo"/>
            <field name="partner_id" ref="field_service_management.customer_user_demo"/>
            <field name="street">4708 Brighton Circle Road</field>
            <field name="street2">Lester Prairie, MN 55354</field>
            <field name="area_id" ref="field_service_management.job_area_3"/>
            <field name="city_id" ref="field_service_management.job_city_3"/>
            <field name="state_id" ref="base.state_us_as"/>
            <field name="zip">456</field>
            <field name="jobs_rejected" eval="1"/>
            <field name="rejected_reason">Not reach the meatrial</field>
            <field name="country_id" ref="base.br"/>
            <field name="latitude">20.59435800</field>
            <field name="longitude">78.98848100</field>
            <field name="tag_ids" eval="[(6, 0,[
                        ref('project.project_tags_03')])]"/>
            <field name="phone">8824987965</field>
        </record>

        <record id="project_jobs_4" model="project.task">
            <field name="name">Car Breakdown Repair</field>
            <field name="planned_hours">05.0</field>
            <field name="project_id" ref="field_service_management.service_vehicle_repair"/>
            <field name="partner_id" ref="field_service_management.customer_user_demo"/>
            <field name="street">1793 Rubaiyat Road</field>
            <field name="street2">Grand Rapids, MI 49503</field>
            <field name="area_id" ref="field_service_management.job_area_4"/>
            <field name="city_id" ref="field_service_management.job_city_4"/>
            <field name="state_id" ref="base.state_ru_ad"/>
            <field name="zip">786</field>
            <field name="country_id" ref="base.ru"/>
            <field name="latitude">20.59368400</field>
            <field name="longitude">78.96288000</field>
            <field name="tag_ids" eval="[(6, 0,[
                        ref('project.project_tags_01')])]"/>
            <field name="phone">76349806432</field>
        </record>

        <record id="project_jobs_5" model="project.task">
            <field name="name">Samsung Mobile Repair and Formatting</field>
            <field name="planned_hours">14.0</field>
            <field name="project_id" ref="field_service_management.service_mobile_repair"/>
            <field name="user_id" ref="field_service_management.service_demo"/>
            <field name="partner_id" ref="field_service_management.customer_user_demo"/>
            <field name="street">71 Rosewood Lane</field>
            <field name="street2">New York, NY 10018</field>
            <field name="area_id" ref="field_service_management.job_area_5"/>
            <field name="city_id" ref="field_service_management.job_city_5"/>
            <field name="state_id" ref="base.state_us_as"/>
            <field name="zip">989</field>
            <field name="country_id" ref="base.be"/>
            <field name="latitude">23.891620</field>
            <field name="longitude">73.084531</field>
            <field name="tag_ids" eval="[(6, 0,[
                        ref('project.project_tags_02')])]"/>
            <field name="phone">8786786766</field>
        </record>
    </data>
</odoo>